{"Yield": {"SUGAR_BEETS": 21.18798537485518, "CORN": 3.011537500365698, "WHEAT": 2.345236527723575}}