{"Yield": {"SUGAR_BEETS": 20.435847273773145, "CORN": 2.6499187580449854, "WHEAT": 2.604897057870368}}