{"Yield": {"SUGAR_BEETS": 23.796469424888127, "CORN": 2.3534221253691063, "WHEAT": 2.6124138311969762}}