{"Yield": {"SUGAR_BEETS": 24.755032825444246, "CORN": 3.0228753469588776, "WHEAT": 3.219863985292647}}