{
  "determinant": {
    "objective_option": "determinant",
    "solver_status": "ok",
    "termination_condition": "optimal",
    "n_scenarios": 1,
    "n_experiments": 2,
    "timing": {
      "build_time": 0.19888587499917776,
      "initialization_time": 0.018853666000723024,
      "solve_time": 0.02022029199906683,
      "total_time": 0.2379598329989676
    },
    "scenarios": [
      {
        "scenario_idx": 0,
        "log10_A_opt": -1.93456240051534,
        "log10_D_opt": 6.028160111616195,
        "log10_E_opt": 1.9376054760011683,
        "FIM_condition_number": 142.21622929227505,
        "experiments": [
          {
            "experiment_idx": 0,
            "design_variables": {
              "hour": 1.9321638206021887
            }
          },
          {
            "experiment_idx": 1,
            "design_variables": {
              "hour": 9.999999685494409
            }
          }
        ]
      }
    ]
  },
  "trace": {
    "objective_option": "trace",
    "solver_status": "ok",
    "termination_condition": "optimal",
    "n_scenarios": 1,
    "n_experiments": 2,
    "timing": {
      "build_time": 0.17755491600109963,
      "initialization_time": 0.018094958999427035,
      "solve_time": 0.022076625000408967,
      "total_time": 0.21772650000093563
    },
    "scenarios": [
      {
        "scenario_idx": 0,
        "log10_A_opt": -1.9438475742248167,
        "log10_D_opt": 5.861092145884237,
        "log10_E_opt": 1.948540290261006,
        "FIM_condition_number": 92.04740838639538,
        "experiments": [
          {
            "experiment_idx": 0,
            "design_variables": {
              "hour": 0.9728323688685602
            }
          },
          {
            "experiment_idx": 1,
            "design_variables": {
              "hour": 9.999983619698154
            }
          }
        ]
      }
    ]
  },
  "pseudo_trace": {
    "objective_option": "pseudo_trace",
    "solver_status": "ok",
    "termination_condition": "optimal",
    "n_scenarios": 1,
    "n_experiments": 2,
    "timing": {
      "build_time": 0.17628366700046172,
      "initialization_time": 0.017097916999773588,
      "solve_time": 0.020115875000556116,
      "total_time": 0.21349745900079142
    },
    "scenarios": [
      {
        "scenario_idx": 0,
        "log10_A_opt": 7.104925699773209,
        "log10_D_opt": -2.7168180445999597,
        "log10_E_opt": -7.1049256998942205,
        "FIM_condition_number": 311195162053.6299,
        "experiments": [
          {
            "experiment_idx": 0,
            "design_variables": {
              "hour": 2.003712979572658
            }
          },
          {
            "experiment_idx": 1,
            "design_variables": {
              "hour": 2.0039338015713404
            }
          }
        ]
      }
    ]
  }
}