{
  "objective_option": "determinant",
  "solver_status": "ok",
  "termination_condition": "optimal",
  "n_scenarios": 1,
  "n_experiments": 2,
  "timing": {
    "build_time": 0.180333167000299,
    "initialization_time": 0.015761791999921115,
    "solve_time": 0.017508749999706197,
    "total_time": 0.2136037089999263
  },
  "scenarios": [
    {
      "scenario_idx": 0,
      "log10_A_opt": -1.9345624005152717,
      "log10_D_opt": 6.0281601116159935,
      "log10_E_opt": 1.9376054760011003,
      "FIM_condition_number": 142.2162292922536,
      "experiments": [
        {
          "experiment_idx": 0,
          "design_variables": {
            "hour": 1.9321638206023855
          }
        },
        {
          "experiment_idx": 1,
          "design_variables": {
            "hour": 9.999999685494409
          }
        }
      ]
    }
  ]
}