{"hour": [0.0, 0.10101010101010101, 0.20202020202020202, 0.30303030303030304, 0.40404040404040403, 0.4585, 0.5050505050505051, 0.6060606060606061, 0.7070707070707071, 0.8080808080808081, 0.9090909090909091, 1.0101010101010102, 1.1111111111111112, 1.2121212121212122, 1.3131313131313131, 1.4141414141414141, 1.5151515151515151, 1.6161616161616161, 1.7171717171717171, 1.8181818181818181, 1.9191919191919191, 2.0202020202020203, 2.121212121212121, 2.2222222222222223, 2.323232323232323, 2.4242424242424243, 2.525252525252525, 2.6262626262626263, 2.727272727272727, 2.8282828282828283, 2.929292929292929, 3.0303030303030303, 3.131313131313131, 3.2323232323232323, 3.3333333333333335, 3.4343434343434343, 3.5353535353535355, 3.6363636363636362, 3.7373737373737375, 3.8383838383838382, 3.9393939393939394, 4.040404040404041, 4.141414141414141, 4.242424242424242, 4.343434343434343, 4.444444444444445, 4.545454545454545, 4.646464646464646, 4.747474747474747, 4.848484848484849, 4.94949494949495, 5.05050505050505, 5.151515151515151, 5.252525252525253, 5.353535353535354, 5.454545454545454, 5.555555555555555, 5.656565656565657, 5.757575757575758, 5.858585858585858, 5.959595959595959, 6.0606060606060606, 6.161616161616162, 6.262626262626262, 6.363636363636363, 6.4646464646464645, 6.565656565656566, 6.666666666666667, 6.767676767676767, 6.8686868686868685, 6.96969696969697, 7.070707070707071, 7.171717171717171, 7.2727272727272725, 7.373737373737374, 7.474747474747475, 7.575757575757575, 7.6767676767676765, 7.777777777777778, 7.878787878787879, 7.979797979797979, 8.080808080808081, 8.181818181818182, 8.282828282828282, 8.383838383838384, 8.484848484848484, 8.585858585858587, 8.686868686868687, 8.787878787878787, 8.88888888888889, 8.98989898989899, 9.09090909090909, 9.191919191919192, 9.292929292929292, 9.393939393939394, 9.494949494949495, 9.595959595959595, 9.696969696969697, 9.797979797979798, 9.8989898989899, 10.0], "FIM": [[[0.0, 0.0], [0.0, 0.0]], [[0.24256485014141724, 7.094731003264704], [7.0947310032647035, 207.5123744406478]], [[0.9230616550165978, 26.31681251582335], [26.31681251582335, 750.3015830297308]], [[1.9766993141778635, 54.9218847418185], [54.921884741818495, 1525.984959856256]], [[3.3460304012365594, 90.58259143243183], [90.58259143243184, 2452.2209563853803]], [[4.197182907719102, 112.03340632315485], [112.03340632315485, 2990.4544091432113]], [[4.980190510540786, 131.33447062969566], [131.33447062969566, 3463.470551794091]], [[6.8342133982646756, 175.52832186690628], [175.52832186690628, 4508.227938161177]], [[8.868414502224267, 221.78831020430977], [221.78831020430977, 5546.657131434924]], [[11.04783614378401, 268.97514946164864], [268.9751494616486, 6548.579295197287]], [[13.341748364856503, 316.1537800837981], [316.1537800837981, 7491.76269315357]], [[15.723199939929316, 362.56502220676646], [362.56502220676646, 8360.473429709753]], [[18.168614633303125, 407.60074251625736], [407.60074251625736, 9144.250602094462]], [[20.657428250706715, 450.78212518274967], [450.7821251827497, 9836.874267121046]], [[23.171762467217984, 491.74068319253263], [491.7406831925326, 10435.49880371661]], [[25.696131804311555, 530.2016873806917], [530.2016873806917, 10939.927902072975]], [[28.217180481976314, 565.9697269550862], [565.9697269550862, 11352.010596318081]], [[30.723446190738795, 598.9161477682691], [598.9161477682691, 11675.140536991876]], [[33.205148116655984, 628.9681434757433], [628.9681434757433, 11913.843122081616]], [[35.65399681235344, 656.0993004097633], [656.0993004097634, 12073.437215572765]], [[38.06302374243149, 680.3214198312754], [680.3214198312754, 12159.760018363591]], [[40.42642854358395, 701.6774615343638], [701.6774615343639, 12178.945253462152]], [[42.739442231618845, 720.23547080192], [720.2354708019201, 12137.246213697606]], [[44.998204760609504, 736.0833667439967], [736.0833667439965, 12040.896424194103]], [[47.19965549568593, 749.3244842739363], [749.3244842739363, 11896.001715176091]], [[49.34143530211252, 760.0737745987078], [760.0737745987079, 11708.45840408686]], [[51.42179908083513, 768.454580314311], [768.4545803143111, 11483.893067952406]], [[53.439537695552616, 774.5959111242523], [774.5959111242523, 11227.620061921758]], [[55.39390834035864, 778.6301550152264], [778.6301550152265, 10944.613522735059]], [[57.28457249084902, 780.6911675211114], [780.6911675211114, 10639.491097587186]], [[59.111540665909295, 780.912688635052], [780.912688635052, 10316.507071231228]], [[60.875123304117686, 779.4270430310069], [779.427043031007, 9979.552934506604]], [[62.57588712764502, 776.3640846907705], [776.3640846907704, 9632.163756116475]], [[64.21461642830045, 771.8503518081225], [771.8503518081225, 9277.528991417665]], [[65.79227876720778, 766.0084020848183], [766.0084020848182, 8918.506594682569]], [[67.30999462969558, 758.956302265477], [758.9563022654769, 8557.639499414874]], [[68.76901062293948, 750.8072490640876], [750.8072490640876, 8197.173699909883]], [[70.17067584507375, 741.6693015459261], [741.669301545926, 7839.077310158744]], [[71.51642109183257, 731.6452075972956], [731.6452075972956, 7485.060097075013]], [[72.80774059991535, 720.8323093693876], [720.8323093693876, 7136.593086798915]], [[74.04617605704271, 709.3225145901879], [709.3225145901879, 6794.927928714998]], [[75.23330263557426, 697.2023223665793], [697.2023223665793, 6461.115772996814]], [[76.37071683126071, 684.5528936577982], [684.5528936577983, 6136.025477548593]], [[77.46002591093088, 671.4501579384541], [671.4501579384541, 5820.361009354547]], [[78.50283879282217, 657.9649487578265], [657.9649487578265, 5514.677946060119]], [[79.50075820131681, 644.1631619409774], [644.1631619409775, 5219.399016938242]], [[80.45537395383904, 630.1059310809732], [630.1059310809732, 4934.828649372961]], [[81.36825725285634, 615.8498157688877], [615.8498157688878, 4661.166508752515]], [[82.2409558683414, 601.4469986932297], [601.4469986932297, 4398.520036856051]], [[83.07499010850603, 586.9454883529176], [586.9454883529176, 4146.9160074275005]], [[83.87184948690654, 572.3893246429633], [572.3893246429632, 3906.3111278638808]], [[84.63299000395584, 557.8187850329391], [557.8187850329391, 3676.6017237613873]], [[85.35983196909693, 543.2705894496988], [543.2705894496988, 3457.6325486192923]], [[86.05375829815759, 528.7781023193761], [528.7781023193761, 3249.2047648134726]], [[86.71611322700116, 514.3715305178831], [514.3715305178831, 3051.0831443137927]], [[87.34820138895303, 500.07811622735016], [500.07811622735016, 2863.0025387233977]], [[87.95128720951429, 485.9223239215503], [485.9223239215503, 2684.673668537023]], [[88.52659457633503, 471.9260208831548], [471.9260208831548, 2515.788280939296]], [[89.07530674733336, 458.1086508131788], [458.1086508131788, 2356.0237243432643]], [[89.5985664641213, 444.48740023270733], [444.48740023270733, 2205.0469863794656]], [[90.09747624112546, 431.07735748327576], [431.07735748327576, 2062.518240105175]], [[90.57309880442537, 417.89166423667245], [417.89166423667245, 1928.0939411776342]], [[91.02645765714924, 404.94165949038694], [404.94165949038694, 1801.429516333042]], [[91.45853775098821, 392.2370161066643], [392.2370161066643, 1682.1816813116204]], [[91.8702862457265, 379.7858699946005], [379.7858699946005, 1570.0104238465353]], [[92.2626133408061, 367.5949420818848], [367.59494208188477, 1464.580684974164]], [[92.63639316481354, 355.6696532616981], [355.6696532616981, 1365.563769589271]], [[92.99246471067526, 344.01423252161703], [344.01423252161703, 1272.6385148048607]], [[93.33163280562792, 332.63181848365303], [332.63181848365303, 1185.4922424658369]], [[93.65466910632281, 321.5245546033005], [321.52455460330043, 1103.821520051385]], [[93.96231311124023, 310.69367828195976], [310.69367828195976, 1027.332752122579]], [[94.25527318267189, 300.13960415434633], [300.13960415434633, 955.7426225622455]], [[94.53422757255943, 289.86200181932327], [289.8620018193232, 888.7784060457477]], [[94.79982544640811, 279.8598682768065], [279.8598682768064, 