{
  "Solver Status": "ok",
  "Termination Condition": "optimal",
  "Termination Message": "Ipopt 3.13.2\\x3a Optimal Solution Found",
  "Scenarios": [
    {
      "Total FIM": [
        [
          212.79563066676482,
          558.7590109424548
        ],
        [
          558.7590109424548,
          8481.599600157408
        ]
      ],
      "log10 A-opt": -2.2347144471687934,
      "log10 pseudo A-opt": 3.9392393785123514,
      "log10 D-opt": 6.173953825681145,
      "log10 E-opt": 2.243555698941072,
      "FIM Condition Number": 48.62307577864274,
      "Unknown Parameters": [
        15.014999999999999,
        0.5
      ],
      "Experiments": [
        {
          "Experiment Design": [
            9.999916529745336
          ],
          "Experiment Outputs": [
            14.913825503368404
          ],
          "Measurement Error": [
            14.913825503368404
          ],
          "FIM": [
            [
              98.65689472916156,
              100.39194773111556
            ],
            [
              100.39194773111556,
              102.15751465366947
            ]
          ],
          "Sensitivity Matrix": [
            [
              0.9932617717860773,
              1.0107300067591365
            ]
          ]
        },
        {
          "Experiment Design": [
            9.99995991073766
          ],
          "Experiment Outputs": [
            14.913827697869367
          ],
          "Measurement Error": [
            14.913827697869367
          ],
          "FIM": [
            [
              98.65692376298625,
              100.39022048388406
            ],
            [
              100.39022048388406,
              102.15396937352668
            ]
          ],
          "Sensitivity Matrix": [
            [
              0.9932619179400086,
              1.0107124683897142
            ]
          ]
        }
      ]
    }
  ],
  "Experiment Design Names": [
    "hour"
  ],
  "Experiment Output Names": [
    "y"
  ],
  "Unknown Parameter Names": [
    "asymptote",
    "rate_constant"
  ],
  "Measurement Error Names": [
    "y"
  ],
  "Number of Scenarios": 1,
  "Number of Experiments per Scenario": 2,
  "Prior FIM": [
    [
      15.481812174616982,
      357.97684272745516
    ],
    [
      357.9768427274551,
      8277.28811613021
    ]
  ],
  "Objective expression": "trace",
  "Finite Difference Scheme": "central",
  "Finite Difference Step": 0.001,
  "Nominal Parameter Scaling": false,
  "Build Time": 0.34518312500222237,
  "Initialization Time": 0.020726166996610118,
  "Solve Time": 0.024145750001480337,
  "Wall-clock Time": 0.3900550420003128
}