{
  "Solver Status": "ok",
  "Termination Condition": "optimal",
  "Termination Message": "Ipopt 3.13.2\\x3a Optimal Solution Found",
  "Scenarios": [
    {
      "Total FIM": [
        [
          95.57484363815165,
          1754.7903159616972
        ],
        [
          1754.7903159616972,
          32637.55824110096
        ]
      ],
      "log10 A-opt": -0.08751161894972365,
      "log10 pseudo A-opt": 4.514987576230459,
      "log10 D-opt": 4.602499195180183,
      "log10 E-opt": 0.0875278494796498,
      "FIM Condition Number": 26757.374443735105,
      "Unknown Parameters": [
        15.014999999999999,
        0.5
      ],
      "Experiments": [
        {
          "Experiment Design": [
            2.003695763107602
          ],
          "Experiment Outputs": [
            9.501487927780573
          ],
          "Measurement Error": [
            9.501487927780573
          ],
          "FIM": [
            [
              40.0435496731513,
              698.3809577910436
            ],
            [
              698.3809577910436,
              12180.138028610021
            ]
          ],
          "Sensitivity Matrix": [
            [
              0.6327997287898541,
              11.03636626277419
            ]
          ]
        },
        {
          "Experiment Design": [
            2.003951063852411
          ],
          "Experiment Outputs": [
            9.502191684731468
          ],
          "Measurement Error": [
            9.502191684731468
          ],
          "FIM": [
            [
              40.049481790383375,
              698.4325154431987
            ],
            [
              698.4325154431987,
              12180.132096360727
            ]
          ],
          "Sensitivity Matrix": [
            [
              0.632846599049749,
              11.036363575182152
            ]
          ]
        }
      ]
    }
  ],
  "Experiment Design Names": [
    "hour"
  ],
  "Experiment Output Names": [
    "y"
  ],
  "Unknown Parameter Names": [
    "asymptote",
    "rate_constant"
  ],
  "Measurement Error Names": [
    "y"
  ],
  "Number of Scenarios": 1,
  "Number of Experiments per Scenario": 2,
  "Prior FIM": [
    [
      15.481812174616982,
      357.97684272745516
    ],
    [
      357.9768427274551,
      8277.28811613021
    ]
  ],
  "Objective expression": "pseudo_trace",
  "Finite Difference Scheme": "central",
  "Finite Difference Step": 0.001,
  "Nominal Parameter Scaling": false,
  "Build Time": 0.18797633400026825,
  "Initialization Time": 0.018585750000056578,
  "Solve Time": 0.021382582999649458,
  "Wall-clock Time": 0.2279446669999743
}