{
  "Solver Status": "ok",
  "Termination Condition": "optimal",
  "Termination Message": "Ipopt 3.13.2\\x3a Optimal Solution Found",
  "Scenarios": [
    {
      "Total FIM": [
        [
          154.52222094797074,
          1159.6761391115429
        ],
        [
          1159.6761391115429,
          20558.599770884965
        ]
      ],
      "log10 A-opt": -1.9466589849131712,
      "log10 pseudo A-opt": 4.316245562999631,
      "log10 D-opt": 6.262904547912803,
      "log10 E-opt": 1.948525351491906,
      "FIM Condition Number": 232.19552468356648,
      "Unknown Parameters": [
        15.014999999999999,
        0.5
      ],
      "Experiments": [
        {
          "Experiment Design": [
            2.018346655703179
          ],
          "Experiment Outputs": [
            9.54172929094304
          ],
          "Measurement Error": [
            9.54172929094304
          ],
          "FIM": [
            [
              40.383458415989985,
              701.3106580319403
            ],
            [
              701.3106580319403,
              12179.16093274588
            ]
          ],
          "Sensitivity Matrix": [
            [
              0.6354798062565795,
              11.035923582893224
            ]
          ]
        },
        {
          "Experiment Design": [
            9.999999647681575
          ],
          "Experiment Outputs": [
            14.913829707986654
          ],
          "Measurement Error": [
            14.913829707986654
          ],
          "FIM": [
            [
              98.65695035736378,
              100.38863835214754
            ],
            [
              100.38863835214754,
              102.1507220088731
            ]
          ],
          "Sensitivity Matrix": [
            [
              0.99326205181394,
              1.010696403520232
            ]
          ]
        }
      ]
    }
  ],
  "Experiment Design Names": [
    "hour"
  ],
  "Experiment Output Names": [
    "y"
  ],
  "Unknown Parameter Names": [
    "asymptote",
    "rate_constant"
  ],
  "Measurement Error Names": [
    "y"
  ],
  "Number of Scenarios": 1,
  "Number of Experiments per Scenario": 2,
  "Prior FIM": [
    [
      15.481812174616982,
      357.97684272745516
    ],
    [
      357.9768427274551,
      8277.28811613021
    ]
  ],
  "Objective expression": "determinant",
  "Finite Difference Scheme": "central",
  "Finite Difference Step": 0.001,
  "Nominal Parameter Scaling": false,
  "Build Time": 0.1866037080035312,
  "Initialization Time": 0.018533124999521533,
  "Solve Time": 0.021633374999510124,
  "Wall-clock Time": 0.22677020800256287
}