{
  "Solver Status": "ok",
  "Termination Condition": "optimal",
  "Termination Message": "Ipopt 3.13.2\\x3a Optimal Solution Found",
  "Scenarios": [
    {
      "Total FIM": [
        [
          137.02615012302948,
          783.6118292616836
        ],
        [
          783.6118292616836,
          12268.000770854856
        ]
      ],
      "log10 A-opt": -1.9345624005153688,
      "log10 pseudo A-opt": 4.093597711100728,
      "log10 D-opt": 6.0281601116160966,
      "log10 E-opt": 1.9376054760011978,
      "FIM Condition Number": 142.21622929222264,
      "Unknown Parameters": [
        15.014999999999999,
        0.5
      ],
      "Experiments": [
        {
          "Experiment Design": [
            1.9321638206023937
          ],
          "Experiment Outputs": [
            9.300722936705029
          ],
          "Measurement Error": [
            9.300722936705029
          ],
          "FIM": [
            [
              38.36919974036048,
              683.2231924152031
            ],
            [
              683.2231924152031,
              12165.850051936375
            ]
          ],
          "Sensitivity Matrix": [
            [
              0.6194287670132901,
              11.029891228809275
            ]
          ]
        },
        {
          "Experiment Design": [
            9.999999685494409
          ],
          "Experiment Outputs": [
            14.91382970989942
          ],
          "Measurement Error": [
            14.91382970989942
          ],
          "FIM": [
            [
              98.656950382669,
              100.38863684648048
            ],
            [
              100.38863684648048,
              102.15071891848086
            ]
          ],
          "Sensitivity Matrix": [
            [
              0.9932620519413243,
              1.0106963882318019
            ]
          ]
        }
      ]
    }
  ],
  "Experiment Design Names": [
    "hour"
  ],
  "Experiment Output Names": [
    "y"
  ],
  "Unknown Parameter Names": [
    "asymptote",
    "rate_constant"
  ],
  "Measurement Error Names": [
    "y"
  ],
  "Number of Scenarios": 1,
  "Number of Experiments per Scenario": 2,
  "Prior FIM": [
    [
      0.0,
      0.0
    ],
    [
      0.0,
      0.0
    ]
  ],
  "Objective expression": "determinant",
  "Finite Difference Scheme": "central",
  "Finite Difference Step": 0.001,
  "Nominal Parameter Scaling": false,
  "Build Time": 0.2312695420005184,
  "Initialization Time": 0.021542250000493368,
  "Solve Time": 0.025698458000988467,
  "Wall-clock Time": 0.27851025000200025
}