{
  "objective_option": "trace",
  "solver_status": "ok",
  "termination_condition": "optimal",
  "n_scenarios": 1,
  "n_experiments": 2,
  "timing": {
    "build_time": 0.17755491600109963,
    "initialization_time": 0.018094958999427035,
    "solve_time": 0.022076625000408967,
    "total_time": 0.21772650000093563
  },
  "scenarios": [
    {
      "scenario_idx": 0,
      "log10_A_opt": -1.9438475742248167,
      "log10_D_opt": 5.861092145884237,
      "log10_E_opt": 1.948540290261006,
      "FIM_condition_number": 92.04740838639538,
      "experiments": [
        {
          "experiment_idx": 0,
          "design_variables": {
            "hour": 0.9728323688685602
          }
        },
        {
          "experiment_idx": 1,
          "design_variables": {
            "hour": 9.999983619698154
          }
        }
      ]
    }
  ]
}