{
  "determinant": {
    "objective_option": "determinant",
    "solver_status": "ok",
    "termination_condition": "optimal",
    "n_scenarios": 1,
    "n_experiments": 2,
    "timing": {
      "build_time": 0.18017437499997868,
      "initialization_time": 0.017325000000028012,
      "solve_time": 0.020604625000032684,
      "total_time": 0.21810400000003938
    },
    "scenarios": [
      {
        "scenario_idx": 0,
        "log10_A_opt": -2.403560811875495,
        "log10_D_opt": 7.034011168951016,
        "log10_E_opt": 2.4061597293806103,
        "FIM_condition_number": 166.6064114542623,
        "experiments": [
          {
            "experiment_idx": 0,
            "design_variables": {
              "hour": 9.99999871280986
            }
          },
          {
            "experiment_idx": 1,
            "design_variables": {
              "hour": 9.999999406831302
            }
          }
        ]
      }
    ]
  },
  "trace": {
    "objective_option": "trace",
    "solver_status": "ok",
    "termination_condition": "optimal",
    "n_scenarios": 1,
    "n_experiments": 2,
    "timing": {
      "build_time": 0.17397695800002566,
      "initialization_time": 0.01706412500004717,
      "solve_time": 0.020754999999894608,
      "total_time": 0.21179608299996744
    },
    "scenarios": [
      {
        "scenario_idx": 0,
        "log10_A_opt": -2.4035583556913998,
        "log10_D_opt": 7.03400888660612,
        "log10_E_opt": 2.406157257315396,
        "FIM_condition_number": 166.60743258603637,
        "experiments": [
          {
            "experiment_idx": 0,
            "design_variables": {
              "hour": 9.999836751932037
            }
          },
          {
            "experiment_idx": 1,
            "design_variables": {
              "hour": 9.99995048794472
            }
          }
        ]
      }
    ]
  },
  "pseudo_trace": {
    "objective_option": "pseudo_trace",
    "solver_status": "ok",
    "termination_condition": "optimal",
    "n_scenarios": 1,
    "n_experiments": 2,
    "timing": {
      "build_time": 0.1739820420000342,
      "initialization_time": 0.017605875000072047,
      "solve_time": 0.023586040999930447,
      "total_time": 0.2151739580000367
    },
    "scenarios": [
      {
        "scenario_idx": 0,
        "log10_A_opt": -1.9985126913797737,
        "log10_D_opt": 6.822905128384699,
        "log10_E_opt": 1.9991626406328926,
        "FIM_condition_number": 667.6976490882678,
        "experiments": [
          {
            "experiment_idx": 0,
            "design_variables": {
              "hour": 2.003642180218696
            }
          },
          {
            "experiment_idx": 1,
            "design_variables": {
              "hour": 2.0040048346311594
            }
          }
        ]
      }
    ]
  }
}