{
  "objective_option": "pseudo_trace",
  "solver_status": "ok",
  "termination_condition": "optimal",
  "n_scenarios": 1,
  "n_experiments": 2,
  "timing": {
    "build_time": 0.17628366700046172,
    "initialization_time": 0.017097916999773588,
    "solve_time": 0.020115875000556116,
    "total_time": 0.21349745900079142
  },
  "scenarios": [
    {
      "scenario_idx": 0,
      "log10_A_opt": 7.104925699773209,
      "log10_D_opt": -2.7168180445999597,
      "log10_E_opt": -7.1049256998942205,
      "FIM_condition_number": 311195162053.6299,
      "experiments": [
        {
          "experiment_idx": 0,
          "design_variables": {
            "hour": 2.003712979572658
          }
        },
        {
          "experiment_idx": 1,
          "design_variables": {
            "hour": 2.0039338015713404
          }
        }
      ]
    }
  ]
}