run,Th_in,Tc_in,Th_out,Tc_out
0,99.72347139765763,31.295377076201383,60.02109268504368,41.42052894750109
1,99.53169325055333,29.53172608610164,58.32128603943537,40.04146492847746
2,101.53486945830582,29.061051228130097,58.834683568096295,39.95072285714356
3,99.07316461437507,29.068540492859487,58.42915369393251,39.433833368812465
4,96.1734395106844,26.550164334973935,55.926888237342524,36.81409453644492
