run, Th_in, Tc_in, Th_out, Tc_out, UA
0, 95.89938369031272, 26.390669185613852, 55.36156438820565, 36.72888040303727, 204.27757087184432
1, 100.58899420515253, 26.318689766335208, 58.16355173660072, 37.138294589274885, 197.19946050503364
2, 100.73841721036035, 29.940497887554795, 60.80998383763027, 40.123299648838646, 193.0199696302612
3, 100.13025050488179, 31.706287693715247, 60.68448867230208, 41.76599550429775, 200.28096755615624
4, 101.25829677682565, 26.26066724528575, 57.20468542022507, 37.49549800173809, 206.81162604421627
5, 101.97414835510284, 26.38734579357001, 57.364083636730605, 37.76408680779347, 208.50881079576894
