fitted_transport_coefficient,ua
2019.5400701141332,-15.992801170705974
-15.992801170705974,2.890699906056234
