fitted_transport_coefficient,ua
0.04758111156113019,0.05650368042751261
0.05650368042751261,3.268208328145598
