fitted_transport_coefficient,ua
0.00175716048482336,-1.0462011727614698e-05
-1.0462011727614698e-05,6.397929593015681e-08
