fitted_transport_coefficient,ua
0.004047241205688203,0.024375393175124254
0.024375393175124254,1.4609804785655953
