fitted_transport_coefficient,ua
0.033903236683387884,0.05760297536974244
0.05760297536974244,2.7625709318302283
