fitted_transport_coefficient,ua
133.31733600601882,-1.1157962955224388
-1.1157962955224388,2.705337971737296
