fitted_transport_coefficient,ua
25695.744788088487,-96026.52718155897
-96026.52718155897,521562204.5023698
