fitted_transport_coefficient,ua
0.05273268012597833,0.06199684544988959
0.06199684544988959,3.203950789864902
